188.15766819142206,165.35588248208524,0,1
63.74071338890206,158.89418467939635,1,0
151.54412350053607,192.00885259686248,0,1
5.466166205953105,121.88232090555846,1,0
122.89952839590394,48.240088806512425,0,1
60.06355132484455,105.61278116942303,1,0
116.75062469667805,28.610121069753003,0,1
123.65384332006045,78.01198302957442,0,1
27.801772386294378,116.99542477220979,1,0
141.84757036477504,58.300975190397786,0,1
125.9341615452729,56.03942024485002,0,1
100.84586451972422,53.44847327298723,0,1
37.18479807667507,113.47265276825642,1,0
164.91227924650332,41.042156393313455,0,1
37.29463997957172,25.26934115502324,0,1
22.05131635473594,70.57945085472994,1,0
183.458469949452,118.01838110240243,0,1
105.96042525760345,168.0951114896875,0,1
107.6661008070797,187.7651862613806,0,1
120.23801300478101,20.0622966570152,0,1
115.68135762109924,44.350460628145115,0,1
53.04107591746337,106.90727921574299,1,0
16.925919875687946,55.2131083512881,1,0
74.81145347362236,85.8367728638392,0,1
175.68169256977023,166.27945200789858,0,1
183.12068841717462,115.69337455755084,0,1
0.4023229223904856,41.32691636905752,1,0
32.7376365477904,9.412643319335956,0,1
42.612863212374585,181.93699758363974,1,0
129.9719785985885,101.28982931261451,0,1
12.515048037540954,122.19401637054573,1,0
156.30253182037902,127.65883354870458,0,1
143.87277091948917,0.9407775698163867,0,1
136.50997326171185,99.54736275953746,0,1
56.36998243236337,144.355939251691,1,0
49.550783083393426,154.31001058589067,1,0
155.9483899265805,147.89747915817262,0,1
127.60494706909718,27.634432092968076,0,1
77.51682946324128,19.057965504842265,0,1
40.903617450792936,168.79040093826856,1,0
58.45863492614129,109.94164562708171,1,0
154.38580061103366,160.68618724124798,0,1
193.55712309951346,46.00913000965274,0,1
16.73230155841805,99.33720912482534,1,0
17.168995434249943,138.55018261030713,1,0
44.37168654199102,105.12643977272191,1,0
109.54690150260413,172.79167906748222,0,1
21.610234804171835,33.577096064059674,1,0
68.50271925410942,137.16657592698584,1,0
28.33235922439283,180.49273634043502,1,0
156.23123272152776,151.71218650487057,0,1
24.738780438903028,157.2369547059283,1,0
190.92205947786908,92.5378698276037,0,1
196.2027162138514,50.24914865225176,0,1
145.3187737761152,76.78520945372,0,1
82.42908912260893,73.47820273815697,0,1
4.9090210447948035,77.53057400315657,1,0
43.900162673550724,29.73906663085075,0,1
119.48429777648448,139.98383187489932,0,1
109.38510622090234,172.85866374267212,0,1
94.52300188382591,17.54094891392284,0,1
66.41180150046375,36.89006986947507,0,1
115.90568445785847,34.988884356195385,0,1
18.34149152056912,137.76324399997307,1,0
195.41252155576535,199.98510494140947,0,1
91.43296794182159,71.15982890642488,0,1
131.64911996983952,61.92026662721206,0,1
142.33944468737863,48.75660864581262,0,1
31.670528744266303,4.426958116234636,0,1
135.70873702674,3.8083698843807356,0,1
180.38981089675252,44.46187309094536,0,1
4.424950159907692,75.46857859722572,1,0
165.8564360215508,57.92902553478321,0,1
153.13204297461252,60.81169004641467,0,1
102.8363799595191,135.03695745013073,0,1
170.55665137813241,163.01278388616603,0,1
56.15216816941857,137.28019188863055,1,0
136.60908129868704,4.752237799403747,0,1
177.5072171380122,183.73688121227707,0,1
95.46284704944898,173.98379506306367,0,1
95.77068416182861,192.45769091436625,1,0
14.559601852105008,13.62546950499497,0,1
146.16352106582758,13.981573444149141,0,1
144.69758666743618,192.6629575913097,0,1
60.90133744597732,83.33854797032805,0,1
177.0474243683715,177.5218496912457,0,1
194.39292266141032,194.89901650399722,0,1
89.85159662403885,46.02339663394774,0,1
181.82035524410193,194.64578571066326,0,1
185.4506275490258,122.8319715076176,0,1
137.76516684768168,137.70472392890548,0,1
81.10465344836454,91.99466752376246,0,1
62.388228022728896,7.438509699761542,0,1
167.1761853634941,89.69755254058116,0,1
161.8295666033777,129.02633697813505,0,1
172.2244523950014,81.39612621326415,0,1
13.036182141380426,86.12225061684755,1,0
68.31891366032823,181.05419788036284,1,0
159.45939948354075,184.31818730972242,0,1
190.40901476889212,44.61009085040229,0,1
179.29552946524353,128.50797409273304,0,1
7.671172015946914,175.53055866435682,1,0
103.17551662705114,173.3168463642911,0,1
170.6027370743553,181.864711832583,0,1
68.14365920140216,118.38563289605052,1,0
22.477486893059083,16.263871850232725,0,1
3.6546891883819654,32.360333513916295,1,0
84.33903347397835,80.13018883763922,0,1
146.06203861501285,129.56319207648966,0,1
145.9434744594113,120.29441870266267,0,1
171.88321457174428,16.071210662645253,0,1
52.644202939817994,185.05746647299674,1,0
14.731224757148876,80.09332407305934,1,0
40.19323279991633,115.12338377237627,1,0
198.37360810816685,130.7381541965987,0,1
111.71186389247943,48.139788715464825,0,1
142.89665314615675,126.5777507576369,0,1
131.29559784959486,130.92828875135717,0,1
130.52367287941283,11.848082563377238,0,1
164.90438959540467,63.682913045573095,0,1
123.3294551412901,96.84137842027154,0,1
197.07056394333512,92.72070509843022,0,1
124.46065132338254,158.90330880985746,0,1
107.14276411145775,67.57124928777417,0,1
59.552439645491596,9.84194233347202,0,1
121.03403458622428,0.3175930620999745,0,1
150.38966587990214,31.56445067476097,0,1
191.1042015205092,115.95978466111391,0,1
58.92240310714409,176.19555139277165,1,0
133.22608586529486,148.99734037002486,0,1
183.3332749735678,60.11190933838249,0,1
65.3156313245743,36.489033135340506,0,1
80.05490225804049,71.27095953712738,0,1
167.0783943323245,44.16701088091279,0,1
130.5285238423484,132.0324599245616,0,1
5.77623201546944,112.52775174835573,1,0
156.16208232306556,163.3899866353247,0,1
141.14822297526604,50.928563869318324,0,1
40.391622778042866,17.494943314461374,0,1
151.92158695910695,17.683023533427523,0,1
176.0865526476908,83.744221071539,0,1
113.3165033341418,159.42455063058486,0,1
187.97239557267986,96.80272403458403,0,1
187.3747350316421,164.76236378890897,0,1
138.0285731699365,108.57311736217987,0,1
187.469268764594,169.5427797238227,0,1
105.99442883782812,17.531807912540987,0,1
118.84356357870955,176.67717713326445,0,1
173.2542006665997,149.03792736442963,0,1
102.6091362249354,102.39686415298148,0,1
131.36641269892135,22.471948323638568,0,1
35.803656828237074,39.62025124677473,0,1
98.57774504533216,155.38313272318135,0,1
198.79836087112892,2.798452982360722,0,1
79.65985803694073,198.66184628675455,1,0
103.81814605062154,189.86957550072415,0,1
160.6626600911827,54.47406013629581,0,1
198.17185539683607,153.87023974513818,0,1
188.04815030131718,172.099755293149,0,1
170.77006562921784,77.06720956725623,0,1
128.68815169585693,124.33823983166117,0,1
45.503056664766596,124.41576873263165,1,0
196.595898835774,164.56059183986704,0,1
24.399907303955892,115.72029938479945,1,0
30.945668631982404,181.14935058076009,1,0
55.79548087047428,175.0311679575421,1,0
115.50986214678079,81.22905024699945,0,1
104.63964869242632,52.76696233680438,0,1
116.08018326926457,26.224294500027124,0,1
42.499459319911836,82.30057760228624,1,0
133.2565661301901,128.95781107223613,0,1
143.6031729043735,162.9563365212836,0,1
84.98966095011026,76.27263206914957,0,1
124.16545505267082,60.56438852820642,0,1
132.24080880609944,101.72522035553031,0,1
183.58448385822535,66.21312328888862,0,1
64.45303708658105,73.44431159861445,0,1
96.54665712118167,9.526439659343389,0,1
75.60331555017505,7.458160284713777,0,1
24.991687997783263,162.1005461638557,1,0
16.998184909277647,153.9478786240667,1,0
128.96376812364278,16.07903037127423,0,1
191.96105630298658,47.742465397173774,0,1
101.96278484436125,53.2412413693909,0,1
16.236235622852348,16.13825149850463,0,1
192.83691350327368,57.44415266899618,0,1
28.01606010698705,137.42174413657696,1,0
66.833391472399,162.11489615610233,1,0
34.268972743153284,128.2175256003257,1,0
51.16892604047234,61.460411554191886,0,1
28.539122642326387,184.44144039129634,1,0
149.2015250472254,100.11254068437452,0,1
38.501014958244184,152.66560957176802,1,0
121.88938129391246,17.817865009534927,0,1
136.12976368737978,90.40762663266224,0,1
150.1670619252829,60.301042909503956,0,1
125.9873144381481,145.14563289288364,0,1
55.18756682001482,101.89815187125714,1,0
159.78544621438297,99.8729503932678,0,1
182.58784607151122,44.98650625900606,0,1
174.6634489707528,62.32343963202407,0,1
34.992648332296184,73.06278708536635,1,0
104.2285738316587,186.51785313946937,0,1
139.96069450202808,101.58544068038952,0,1
35.21539192093493,167.23977149203284,1,0
129.96437018071398,180.83190977686556,0,1
152.63040278875687,44.12586589343939,0,1
123.74956053986928,152.26803329543327,0,1
64.23001122194091,35.334053688122324,0,1
95.63571474696033,85.48674961388858,0,1
195.03991355430287,78.8503522921635,0,1
188.16630277704672,73.62729911949057,0,1
7.646108169941135,26.10795021635761,1,0
65.7255227931185,136.08954808705863,1,0
111.29417613876387,66.5437459326339,0,1
190.47060178444167,148.9625206314089,0,1
41.04087642237069,19.03212146966087,0,1
103.98579920738678,111.02796623022964,0,1
3.3453497889538886,108.84141338336724,1,0
160.60881512364952,31.53680806520276,0,1
179.68568075002494,101.2551576611034,0,1
178.43325439533302,181.1502085765706,0,1
22.565661910963676,139.2012616524241,1,0
54.905434371248504,67.12013903838093,0,1
89.15350340231201,192.52342933419877,1,0
188.78764758269395,176.8589211190536,0,1
52.609137022203555,5.537780271364734,0,1
158.2382924123831,190.26679131962442,0,1
116.14775180131163,34.94876264407887,0,1
131.1406718283458,97.43025520583156,0,1
147.46525562815867,78.5255619409446,0,1
14.215774407327842,59.078170599808246,1,0
104.43810566101324,154.4381400160157,0,1
166.47487216858156,174.95927282142242,0,1
197.96451723261464,104.51391432566126,0,1
21.1331711096862,0.04393185845088521,0,1
160.07697760370084,70.3100564548974,0,1
192.3856289769301,100.77247753746845,0,1
151.79460266065553,164.129567140891,0,1
120.96999190996604,167.52226673369336,0,1
11.248673158589506,102.24453200501522,1,0
53.572304699969074,109.41469047849499,1,0
100.87716604066404,127.22172328226789,0,1
18.565197079506525,52.802591299876966,1,0
146.81826523045635,167.74260021771076,0,1
146.90387007442746,55.283673698754974,0,1
171.22144014014313,56.87836255984724,0,1
103.49412522507271,93.39384899080478,0,1
86.20008381107678,11.726079650151021,0,1
156.31912613588753,143.71314994849385,0,1
97.62862323204651,5.292485274417191,0,1
101.4558358096934,58.82705039145284,0,1
3.0376389081457456,124.15125059119913,1,0
120.05149394679304,46.863658772166005,0,1
53.84554018472738,172.15493968305037,1,0
84.16072758023294,126.37969175844603,0,1
175.0902944182548,140.4112344152165,0,1
145.5745977648593,93.86154569428726,0,1
159.22103077913167,102.66603972143025,0,1
189.46462552096375,57.905481039785386,0,1
45.96769647163668,151.79548524981126,1,0
150.3682575446862,110.75726717114256,0,1
25.00888825217562,161.61011767185803,1,0
143.80377316889735,146.6634311650999,0,1
117.96370634886264,183.43220662864363,0,1
100.81013167841462,58.959903464855316,0,1
104.86898920362388,75.29172830029596,0,1
47.98488424218477,31.26306961594574,0,1
189.39082121221088,20.210558869275363,0,1
62.6432516211606,110.01190368165359,1,0
107.17676556744316,148.93801196622934,0,1
128.3339411072719,103.07994240888945,0,1
35.49917715568511,67.19735178418568,1,0
101.32999738071426,17.84762567710718,0,1
175.71600456850655,68.27341215623687,0,1
41.01102063447413,165.03985098207664,1,0
57.0828807132838,88.12927455038123,0,1
58.88894455001046,89.3200894419324,0,1
81.91130856411432,144.10923744746512,0,1
195.35860111114465,197.03736133958716,0,1
196.84626207193736,132.4934307600877,0,1
31.461522599457737,13.815605182581736,0,1
192.69798604533733,85.88161781831379,0,1
94.48399316578488,186.66571793106039,1,0
79.62654442611739,5.5311007524633915,0,1
94.70510416517722,174.7574128267135,0,1
66.04509241937926,81.9406189812342,0,1
24.81250828677841,115.44068626874524,1,0
182.69684400083307,31.94974826559558,0,1
191.74488555630137,92.68552855071532,0,1
40.11304377467915,108.22346644614092,1,0
109.16713851868663,117.45595046306889,0,1
24.472512755891174,123.47365584131535,1,0
121.42651702080552,17.54577742629049,0,1
109.45522916463591,188.59157399405893,0,1
84.88879730900673,156.0547909295659,0,1
75.94141233309584,60.92853088254016,0,1
157.58357322120088,12.198696734562976,0,1
51.2160524085985,137.98186287698755,1,0
175.14595979103964,122.91845188382547,0,1
199.35731940809973,156.51065753082088,0,1
130.21397211129164,33.48490786396772,0,1
66.01452875960732,124.92859545299007,1,0
169.77257187055056,48.643565623428685,0,1
4.297502126153363,148.25671195422518,1,0
118.28966319923448,134.86077941115795,0,1
115.20883890825604,74.18283533242507,0,1
94.91994169506826,117.0833695632441,0,1
11.263626661560334,82.83822501943408,1,0
183.63609268085327,170.44142884920043,0,1
36.301392156595135,178.64993042343292,1,0
24.444035227938656,109.17437351292261,1,0
191.80470112355783,92.88396926961873,0,1
11.883282634453284,128.1535086100386,1,0
20.306933072343014,153.87755849114478,1,0
66.66310022018946,92.20741412200582,0,1
51.561785795051065,149.49185396347227,1,0
153.3600627571539,45.01673990541213,0,1
145.58432599648387,45.9140999974567,0,1
160.4298776904377,165.23887123832793,0,1
142.8988400312695,60.13062577806751,0,1
43.303704334290586,109.95865342649864,1,0
42.33063353340714,127.60479508089378,1,0
30.440332534983394,3.2455185126077257,0,1
135.61234522234267,77.21214383162194,0,1
4.270243634653892,107.0219625099768,1,0
45.53254984623678,66.31854805665627,1,0
161.59373011664516,58.43188043761898,0,1
48.61011096484855,15.274876917829472,0,1
66.2839968424165,97.60747600608121,0,1
63.957508885198735,181.94257442335027,1,0
114.39341371559975,192.02206109184186,0,1
192.367905634349,186.50310579262245,0,1
170.09598261522325,135.94345991614293,0,1
84.57529975892166,15.851988719949883,0,1
127.68476482833597,114.8803691485178,0,1
47.44588066869835,74.04416128505179,1,0
74.36900593776019,79.94833583086007,0,1
120.05319292755748,199.05377874567668,0,1
89.6785572706604,26.679860902524233,0,1
118.92913116639896,135.32591461930969,0,1
123.70909995626711,178.3529972584514,0,1
6.992988414428414,96.68582952132448,1,0
150.46081608694428,103.64738319911744,0,1
95.10603949696545,137.81872954447257,0,1
158.1306179001984,26.481477679612063,0,1
20.429494854878307,164.69522411801148,1,0
160.41769230073734,6.645834549895713,0,1
66.40081055333802,40.35905637255872,0,1
8.927804738255185,94.28889532578096,1,0
5.695432345456464,103.89321161458034,1,0
105.45391387666669,83.66342065421884,0,1
103.21685730578973,183.9695698625971,0,1
83.0777914248292,194.19395099172093,1,0
99.0184508212423,2.0160890923406116,0,1
109.24438401248291,105.64821666472737,0,1
52.247274309321725,44.658815522100156,0,1
68.02131927973629,11.237345104515972,0,1
119.18451063396903,95.63383678790439,0,1
47.28518134887607,173.8562190688198,1,0
119.90106292973263,93.5920104071231,0,1
144.93206055986388,37.20613819236447,0,1
177.29803052391338,181.5047285057173,0,1
133.12045976030038,168.32979411316828,0,1
132.3684139890485,38.575249963430714,0,1
150.16173423204694,23.460000212794597,0,1
142.99021544726108,119.49080089943283,0,1
163.19621989676386,42.67936553631861,0,1
68.72875437976415,10.979811226782799,0,1
0.5501630096952148,105.61655685617592,1,0
158.48040446246307,161.51717938888206,0,1
16.663393596066435,112.17739093761645,1,0
186.01876093124244,23.603220250153555,0,1
115.69935256684954,182.70239672984593,0,1
4.091275885885981,108.39895556700816,1,0
5.294175802583889,19.14384103413871,1,0
46.21680111322717,187.15716927892979,1,0
144.79767356443529,108.8552519635267,0,1
64.1196212444394,177.69409733944855,1,0
132.61916969260395,121.4823828957563,0,1
86.0640018239398,110.9292085944567,0,1
193.75783297075264,112.34080750928659,0,1
188.9263672843495,119.13143770366075,0,1
72.79573255447546,59.28022493845961,0,1
59.77528828042793,60.04648558907637,0,1
136.5626779541777,198.33870021070567,0,1
64.83317494040384,45.0399748187905,0,1
22.590786807842388,193.01751560666315,1,0
10.454198203423593,147.33442019931454,1,0
175.14300220209137,177.79600994850716,0,1
100.66963575388496,178.81784958231017,0,1
195.22270986551047,122.18200114322875,0,1
89.61003542872297,137.1496856393821,0,1
110.14958316472358,81.22653730372676,0,1
149.01579350248463,51.41263672081369,0,1
143.72129291533685,37.35394859952035,0,1
40.94075014209313,166.45671531133038,1,0
21.962394296107423,41.27869904105648,1,0
98.1088011912808,173.37643434063563,0,1
91.60096928919333,50.37637326407987,0,1
3.9542059232374083,80.38188542456774,1,0
104.23275648685104,52.88929125312196,0,1
180.00378096948225,171.3904169023525,0,1
59.87580010014848,103.39382144305314,1,0
167.67478593435987,72.55192530847951,0,1
127.56487980628914,157.39926448969217,0,1
150.8197633000983,148.06052506421995,0,1
129.31116390307983,82.21823065166811,0,1
23.77696991466287,193.75415860867244,1,0
34.381299090455755,6.551717465483176,0,1
118.76797047067846,56.68194857753841,0,1
191.40247611068068,97.87776284734339,0,1
1.9679901242183329,76.28207431738798,1,0
104.07195523782772,100.27700818743779,0,1
101.96757428480032,4.307450363795229,0,1
112.14035237491973,75.86808900090874,0,1
11.077328223136696,92.33973748658278,1,0
8.13000204175709,117.69401844556992,1,0
32.31971063847712,164.42461844688165,1,0
34.182112445748956,102.68421578826856,1,0
5.632721566438037,12.320356940317211,1,0
26.918971350873775,117.2686272651342,1,0
24.657167081866405,169.94483679961377,1,0
8.489885291340581,83.06476893775884,1,0
164.12955217241029,118.65501296107612,0,1
193.07985577671897,119.06763782315626,0,1
4.748346103305434,196.55057800498165,1,0
106.37083954148403,38.07054787632793,0,1
178.33829870882172,0.602807906142,0,1
189.7220447014371,118.36785207387524,0,1
36.58243622929269,94.81541058733856,1,0
91.15265562432229,66.4354580043036,0,1
96.47392061257732,104.35150198741665,0,1
189.64615916212392,170.48494960608747,0,1
179.83369288849673,121.5585658862359,0,1
133.19693322617812,145.77573645923925,0,1
78.76107957781304,122.37878334350776,0,1
137.8106770138616,101.01944989634084,0,1
25.122660404995646,175.206446874046,1,0
145.1088531500899,139.31661472720057,0,1
68.23258194216125,57.73421138791905,0,1
94.69292923604469,187.98754378088287,1,0
184.06441823411222,66.96866421415079,0,1
191.46588353133703,4.693840041444175,0,1
128.40008360051135,112.81345931816492,0,1
62.97183103670241,112.54254874278011,1,0
111.72803231053405,114.57894542169889,0,1
165.4074967650354,141.40422413907152,0,1
175.60949719504762,125.93077468075258,0,1
130.87972676637239,35.27336637177414,0,1
48.56107939467231,130.27709468878516,1,0
40.03213075710108,173.61848016264304,1,0
115.85677896253569,31.50013952170203,0,1
140.84173199815478,67.73602878070248,0,1
7.23092825263647,17.763391749958025,1,0
64.16793931707052,118.62640511599432,1,0
29.179749760954454,159.43886660925824,1,0
14.858053361940392,154.21509941028165,1,0
170.70089977528292,40.10767428405104,0,1
197.79566019570484,168.43909959742825,0,1
80.73368562215597,153.9406978162238,1,0
199.0496677498815,33.5829032194568,0,1
163.28313818188806,186.70889407563547,0,1
4.962544101934041,52.703500928423864,1,0
195.2593342672072,178.72912002252406,0,1
166.21253965220404,193.29375437095172,0,1
31.771470777647238,39.86883404530985,0,1
160.45681565393048,141.89994894802712,0,1
101.16738703243256,150.9370053460513,0,1
110.2595234181607,194.87045332369306,0,1
150.85754433678898,29.3636145019456,0,1
37.71321159259906,38.965403123092756,0,1
2.889541584366695,85.04633509624342,1,0
118.11601313548239,73.95687800556814,0,1
117.90495890472266,90.23053269754023,0,1
144.6070226744198,93.67188487923572,0,1
3.4984016918764294,12.31795870592174,1,0
181.1531070271442,54.83736851487713,0,1
172.8712566642899,82.54858910947107,0,1
101.55210958599174,135.92400866088673,0,1
67.82231553609479,122.4736191260867,1,0
138.43169951199826,0.8983860882583183,0,1
66.92314565351502,14.076229389819982,0,1
139.05579435790287,109.51323684778464,0,1
72.89159671281895,43.7328803406507,0,1
123.23300152996057,82.0350033373363,0,1
139.55667908044438,150.5202657197703,0,1
83.16181733078065,12.761022132750565,0,1
59.02182203252166,34.20419312147873,0,1
120.80264307119243,60.511494008573806,0,1
90.68657436204404,162.600780960952,0,1
24.299688068213054,176.05118200052058,1,0
7.662536437665812,67.03084193705644,1,0
153.65599153540396,182.51322611822582,0,1
86.35853653954754,26.43785269685528,0,1
179.37880398861367,197.46156729752448,0,1
8.478135912062612,74.01285355826776,1,0
103.70664380904611,97.16457836481527,0,1
81.77044630355037,78.4786105334561,0,1
30.180944668729957,6.895755554146432,0,1
29.34079580163782,116.88993642695473,1,0
194.04118830442312,1.368987012811984,0,1
85.95904641625991,72.89248145395774,0,1
123.55432474456158,188.68533716289096,0,1
140.2603488675479,178.88561874123891,0,1
174.03608508290662,152.93756639884086,0,1
140.1810805049337,188.09015183164283,0,1
123.9310932492434,164.1596606615527,0,1
117.33651924673897,165.49299403665108,0,1
17.905784518003244,159.25983577490527,1,0
14.580218203432317,5.853719826510728,0,1
161.7098613207326,33.68896724253301,0,1
120.63742793872348,184.743975886022,0,1
150.94816587030488,10.345468523695889,0,1
84.08611734390041,50.8592026978707,0,1
23.64272062613333,88.75438580910146,1,0
97.86377151716054,74.66166073351592,0,1
108.6642611892454,38.23437226494464,0,1
0.7746653956481886,181.80512471079933,1,0
192.98959359206677,32.31456159502104,0,1
111.6872127993721,24.251531634005175,0,1
108.3181479575283,154.80034662208558,0,1
91.06150649647134,35.350869913271566,0,1
152.11773630209834,22.882967364280795,0,1
117.1322766876718,75.96826099029252,0,1
191.14170193869785,72.34562756345642,0,1
29.70388815670548,115.07740468436009,1,0
150.81425263556335,33.81964618001972,0,1
84.7348539885411,189.21272059489786,1,0
174.9365506080865,57.62587126696423,0,1
16.197765708298583,95.06078163968878,1,0
67.27272647561875,90.68624214075469,0,1
196.30040885620778,65.64272646688521,0,1
12.754547141695083,125.48482584394574,1,0
188.67497937183145,198.44709613565166,0,1
87.20795856942883,1.313844194535374,0,1
193.59304308803772,16.198923064299553,0,1
12.019874058252512,188.3637764392889,1,0
188.32668833889147,67.87866398490037,0,1
29.91751012212951,126.06380047523224,1,0
178.39547740896217,186.32663782658722,0,1
26.984748185776763,51.83038687787918,1,0
154.67826849643646,103.88886206092582,0,1
36.423780717336854,153.25814810108892,1,0
192.62377357705464,89.2874499885824,0,1
143.55851603598245,85.86811307073665,0,1
3.998033628780795,124.9472589853632,1,0
161.89429574552292,19.886268675799524,0,1
169.72125877820957,131.7734221983626,0,1
50.726847929505034,83.83469603657457,1,0
13.850629517160451,154.31021351456212,1,0
191.52426144918388,92.49501147540413,0,1
51.498686004118355,6.7009661855385705,0,1
112.5759056834062,134.09359502267867,0,1
141.45318022538135,73.596132805802,0,1
95.54343191447138,81.13667277013543,0,1
133.12913485989597,56.42213613052331,0,1
174.87772342645653,1.0479686637763885,0,1
152.6851324672879,48.86142252072716,0,1
101.7484511202656,35.3390759692088,0,1
29.22696982220159,148.55585052855568,1,0
102.4572651991313,45.32130855847289,0,1
1.915982779530867,5.970831395113851,1,0
92.4566786625441,89.83578257214862,0,1
140.05682866225953,7.827528088172553,0,1
13.358218493512751,122.92454264736332,1,0
174.01121578685675,22.306107592449532,0,1
116.71466418816874,26.99839647444837,0,1
136.09000506855298,141.29889071605427,0,1
64.55921830331049,39.254550374854304,0,1
51.10696348934971,133.31876132396954,1,0
25.902707940041015,166.49827765611496,1,0
105.33541334669756,186.33365294722816,0,1
153.39487597335005,177.26300173655994,0,1
76.37613384372055,62.37950121471798,0,1
116.9859385328714,48.601176434856576,0,1
82.75963553931531,108.40928753402237,0,1
132.06918572707323,55.939376991468336,0,1
101.13527054807156,184.28461061217433,0,1
119.44645815917536,105.76772466211146,0,1
164.76179159978818,148.45379594050206,0,1
197.91931489808235,28.475218480116425,0,1
20.68762886286235,157.60672695649382,1,0
33.90985608547581,98.23295292725165,1,0
31.47685541984364,110.69412969961878,1,0
169.11558655802634,120.6582704178244,0,1
137.17706547750268,144.78622905813847,0,1
12.868246836453512,197.0571581561671,1,0
144.20712072707275,190.0846217924044,0,1
81.76496982408969,1.8737464321613606,0,1
140.65864885525747,195.70313185886639,0,1
93.18109219935427,158.484809390507,0,1
195.30553493067495,49.75937149922458,0,1
163.59345085632552,33.5488172541061,0,1
76.0960487157899,30.180661522574816,0,1
124.25593958662296,7.761222459788142,0,1
14.454412229423209,125.50860137316324,1,0
123.75701224571856,196.1335784174854,0,1
3.723538707110441,83.6868165765641,1,0
196.70607601407173,7.045355400268272,0,1
180.07423953108167,143.3499639707797,0,1
47.80598476786746,55.8991278467228,0,1
99.45370164159357,152.43673346541055,0,1
48.82307825181289,165.98222278931334,1,0
82.21896745007189,136.99777177071581,0,1
31.681218772313493,102.52899733421481,1,0
84.989192328881,20.35143889813078,0,1
41.922909833855826,49.958584449683755,0,1
150.77439924630895,108.11586009167678,0,1
52.29527779156064,64.94459313329479,0,1
93.2553221442336,186.08745159972509,1,0
50.038961405575336,183.37550693966534,1,0
96.197035919421,183.1343113683053,0,1
56.65930783649724,125.9841714229198,1,0
197.30337564669452,79.62963769506075,0,1
86.42644569249775,101.72618586082578,0,1
86.91106445224655,34.226800133613786,0,1
177.42579276182119,147.92366085936118,0,1
175.47898676374865,135.64375168883691,0,1
36.60759099492039,101.37912835508574,1,0
146.70548841348514,99.57326552753783,0,1
27.10719572258109,150.5908368572961,1,0
13.110600515183402,34.03521474012485,1,0
157.2977837464369,82.4237513547591,0,1
3.4636673120075567,48.61234574846187,1,0
69.57015820590411,135.8502452080011,1,0
32.604790197394266,116.66943363197619,1,0
161.45814996521315,187.87009807836824,0,1
54.14662769733067,143.04457347864826,1,0
111.09742867916556,83.65485894256126,0,1
198.06625274876671,61.98833827178325,0,1
131.95894007141226,186.59491749040393,0,1
48.62211173265876,123.65108717569736,1,0
134.7402153363606,27.02170064962821,0,1
50.910232664969854,91.74539428159518,1,0
159.08173393386625,152.41849858575054,0,1
165.6230631863783,124.55285037739236,0,1
143.79135805228057,166.79534141497308,0,1
135.37515314941274,81.83101551215388,0,1
24.667706057575977,45.45330363185853,1,0
35.70322794766969,147.8366888459739,1,0
142.49036032485955,74.58886479358074,0,1
137.2057233741132,13.074052127014202,0,1
116.93355458914054,36.883356908582996,0,1
168.40557967148467,72.98039433699812,0,1
162.1614490483206,17.61464758395668,0,1
122.12951351096812,39.57159178194898,0,1
45.82751737238318,33.33321924344996,0,1
197.11475629427778,26.815957510122157,0,1
63.74597319551248,27.746983117905867,0,1
60.990701123757816,153.81002492629307,1,0
144.7208300895283,35.01418630290522,0,1
23.832298311134604,89.59625142783882,1,0
184.7404431978205,131.22294011331581,0,1
58.21038251958983,0.20324095548895915,0,1
187.11384722111933,148.5968647991981,0,1
14.781710384112646,101.49520891281658,1,0
45.341734138526576,47.06967074661392,0,1
53.64053456355764,120.68764397427077,1,0
26.328089367870056,180.73645505964868,1,0
90.72321244655987,71.85802905614429,0,1
194.8335627662779,126.67647771380759,0,1
81.57229092983604,192.72311166086007,1,0
110.99851011865962,29.461745922445882,0,1
194.53677021934013,180.3271983164894,0,1
12.443811569714613,134.39022414482352,1,0
29.02957719956749,162.44920149379652,1,0
68.4138495666496,3.4440364524293443,0,1
84.49514847521031,140.5907499150037,0,1
144.7651142580487,132.17184889868815,0,1
88.53591072231322,101.81643141702202,0,1
167.3357242675386,112.07911942344097,0,1
33.66515212152845,1.7741811965926502,0,1
110.65498610538714,20.162514353711813,0,1
116.14705773331349,148.6735670863237,0,1
116.16847039191501,191.4085381180294,0,1
116.10022151563801,99.15638907951718,0,1
169.24674280110645,112.05233090202572,0,1
87.97636641296278,107.66480290267144,0,1
89.03078434750589,161.09823789680183,0,1
27.59364239301194,40.34336655574657,1,0
86.9845466672216,147.2215961817152,0,1
60.656793145334234,0.713699034886095,0,1
170.14801913743565,80.27296440896208,0,1
157.92213487005827,155.99336871551648,0,1
21.956565125162708,34.00146878769461,1,0
92.77161819611564,64.15166022357586,0,1
42.604565252320285,144.18363927195495,1,0
48.377621431254546,196.7536584962809,1,0
158.20278240688916,29.68475983153067,0,1
88.39053725836494,159.1753596653541,0,1
161.53278478343734,125.80647542623899,0,1
127.50000567189362,147.43452415165285,0,1
184.46283932582872,61.84619616280105,0,1
68.12469454870642,45.004246913035374,0,1
83.42953859821371,178.94017279362072,1,0
8.559999996914458,18.683342905639577,1,0
77.59798140158074,118.60357681003771,0,1
117.1528360056213,36.01168526180598,0,1
27.223317341172738,44.907001213376496,1,0
18.432147568798452,151.11081134872327,1,0
128.57647252554875,185.70587961650833,0,1
122.69503653520634,43.83713274804371,0,1
70.11191000384804,151.34212691709007,1,0
23.690514194818046,80.57382560652175,1,0
81.75415171803138,166.28391399081949,1,0
66.32937056527999,6.93998587673943,0,1
52.43624032403233,98.87212610304441,1,0
3.725875532907419,8.40114146941595,1,0
13.200936624542825,131.12587789135614,1,0
149.20615629603097,49.578790751428855,0,1
96.61532995193647,189.39285248863754,0,1
192.96536896478187,151.71055819512102,0,1
122.70388230783426,52.759431399403425,0,1
98.83516518249058,134.23668992516997,0,1
70.10897123517206,51.81074845244407,0,1
172.77708289548423,116.18624679443543,0,1
67.56985736919808,54.51882720847689,0,1
133.71253970904542,126.77566379818532,0,1
163.0299559258298,6.462902525635972,0,1
39.16631523648797,108.41261914291242,1,0
102.38152036065526,177.10715025967065,0,1
69.63490646583767,13.699227684949488,0,1
172.48252580328196,182.07087365662875,0,1
76.72301536056945,31.60499784438624,0,1
21.172883223029302,89.12046117756907,1,0
145.42609336476562,42.14417611727483,0,1
160.48035587882308,91.4849004827796,0,1
174.03340059420836,192.3394174011015,0,1
43.97189362008152,22.7766782594218,0,1
145.33430571083062,152.15468950277815,0,1
92.71975292656462,45.23735550580794,0,1
115.74989329627195,172.28125842828683,0,1
71.64967030855034,111.27432638785221,0,1
189.76501050206383,139.44011819954721,0,1
88.45625453585242,39.94347042809756,0,1
198.335042370882,18.32089344811807,0,1
192.9327529455962,136.37834042304573,0,1
117.35489549555614,44.54427912976446,0,1
59.92499575385462,183.5194091529923,1,0
139.60573898708702,184.56576555350412,0,1
72.07210699816302,102.62590760228703,0,1
185.42817417973666,161.26340853115636,0,1
149.38518088359353,76.50562232142141,0,1
118.90967697700343,122.43434509864211,0,1
172.92360666155432,106.44897432958291,0,1
150.4460030448177,127.53855592692851,0,1
9.640597697009978,110.84359117365965,1,0
135.34035883809764,141.1744979826299,0,1
89.21770213985008,197.55418798819915,1,0
0.8184206175706477,189.58370473508387,1,0
131.535879553565,142.7459293440117,0,1
58.06722881024473,174.24875564003702,1,0
146.26058064475524,54.06484791273076,0,1
128.03176790198773,192.85295767764674,0,1
173.82319833223573,78.80365967276678,0,1
124.36155052219064,152.1834901853302,0,1
58.942751650012795,0.5173270268075569,0,1
164.8247390772666,6.187685065193871,0,1
62.05647426198495,32.4574522528263,0,1
52.50843228391646,46.38026012126455,0,1
86.80343372901598,147.05671258464307,0,1
21.946076034707907,140.82599521957383,1,0
57.297255266781086,135.3270526786901,1,0
71.42629534756276,103.38902338832487,0,1
148.82249286270323,10.953684431122412,0,1
23.23161770829443,59.53122044904244,1,0
33.12499005162142,149.09265524840788,1,0
64.4834197963718,141.08969686570785,1,0
9.739730635865683,85.12341413711933,1,0
68.51658268958064,92.21483883169013,0,1
175.72775126981318,170.41053813267618,0,1
168.8391417122861,188.52274924360893,0,1
198.98494229559495,63.80785105350761,0,1
52.43163059081073,187.42401408674704,1,0
0.02303252984916515,196.53500154228087,1,0
144.57528807764345,173.0340046955261,0,1
177.7386887909978,110.80822978309502,0,1
47.94826983338763,161.65353180553495,1,0
186.37878637777925,19.80471446171437,0,1
25.250124881230352,46.20562559504522,1,0
14.119067457288747,51.158405260640414,1,0
96.36485976224746,155.18957296839224,0,1
16.930927307492148,76.22239547144642,1,0
29.525588236828536,168.85767574430096,1,0
196.97141810767812,179.70277559069297,0,1
65.77494116950453,61.89334779466675,0,1
62.25898341510487,21.379814377001892,0,1
17.238339186314388,139.7669445745509,1,0
94.8083977189703,129.37289793109517,0,1
180.10947081841508,160.3614088027955,0,1
121.25396530235066,131.23686272496184,0,1
99.64061012536654,157.18500423531708,0,1
163.19086291244162,181.8504485826757,0,1
47.61549770352893,5.817968362013337,0,1
62.35634436971409,18.875968073902904,0,1
181.88452337143562,19.669720599458664,0,1
87.30427647908022,152.2678195924539,0,1
135.14087634393138,40.317494252064236,0,1
141.07521733229368,109.89319359914849,0,1
37.6455827049232,144.80437562791735,1,0
8.2157791301956,197.7053121558259,1,0
59.34483612770622,95.67314196853131,1,0
65.9335388989814,195.65888823746945,1,0
113.2862458724462,119.46983501575035,0,1
118.1553907324691,190.92898798538022,0,1
60.46334991986531,11.54035964037905,0,1
187.9393472174991,178.68925296485176,0,1
109.33828532371143,125.77874549011561,0,1
9.993288119249243,157.82377317042832,1,0
163.26353281033158,127.65896938827134,0,1
105.81787612564433,169.3983773577408,0,1
70.76210421662242,174.30489011885092,1,0
151.7621686021587,3.243559354459147,0,1
144.79889711973402,147.36672375849264,0,1
190.70610694024884,8.687484330287877,0,1
198.56765661434977,27.85067769427636,0,1
55.462833496749674,189.1262404720885,1,0
100.67777103227222,38.86669763418376,0,1
103.69129662602545,142.21200945265906,0,1
110.57601803575076,2.042601117188747,0,1
132.85143709450068,69.79601302289602,0,1
171.21908694903908,145.782023540946,0,1
114.0848514901093,112.16290898918106,0,1
9.680436690450867,29.582578052350406,1,0
40.73335219792238,54.72134316551078,0,1
183.5220053379564,4.450676954251054,0,1
13.536033132736058,69.39805825037833,1,0
118.59575759865095,101.89811587514706,0,1
180.59794344493673,86.76301622544997,0,1
68.91160362312493,52.54807833930795,0,1
135.48343625547307,199.62341397013427,0,1
158.48078282746803,81.32973643831534,0,1
83.3183240907099,102.72737099095383,0,1
146.6578765674876,159.2562437777572,0,1
197.96892282627084,169.9447287606606,0,1
92.4804159218932,79.53565258147238,0,1
43.152833062487005,99.88120129939873,1,0
119.58018268033396,29.111646440041316,0,1
103.75244110135033,94.31652413968669,0,1
168.27302414326817,163.08174693951923,0,1
35.96947388885139,129.85679837979248,1,0
17.907858312107948,185.0011988810076,1,0
144.22856038128853,82.30343673401002,0,1
69.19045218997184,58.1853889854322,0,1
110.81739233634444,144.24563433780543,0,1
132.71276437232495,91.0757862996737,0,1
48.926012526589076,162.34692950644396,1,0
188.66779087683253,17.33992920635108,0,1
170.73304148288645,92.57029858504531,0,1
142.55686942701894,44.50537468850868,0,1
102.72710606411353,82.96839478010187,0,1
141.91984939512216,38.37414465259501,0,1
16.689134493784643,50.090975145283245,1,0
140.15302162201408,22.32448742727535,0,1
72.0914281433748,105.358886006959,0,1
145.21229291598584,168.95837131023757,0,1
152.80296332206967,171.14828992222198,0,1
34.546837999232594,130.49972070558468,1,0
184.111505449468,154.06716214551545,0,1
133.9498566032996,54.60311807720455,0,1
80.89108004410417,178.83211150235348,1,0
35.18651105185731,85.90751207331628,1,0
126.64480209926548,29.43113151730794,0,1
136.10219936370703,116.83218781140742,0,1
138.90265785895437,174.2349399086035,0,1
7.531903175941657,39.6254017741964,1,0
74.08924080534341,159.89629071906245,1,0
103.77353335516088,67.89222995727673,0,1
193.31900240694534,112.77919938329714,0,1
20.703856755792536,144.2155000866287,1,0
173.56830484978823,103.52174531865097,0,1
197.67851802318808,5.441753824820306,0,1
64.78070378652845,36.841824641298835,0,1
96.04515198554266,120.3583272654972,0,1
66.30166282608386,74.63735029433174,0,1
55.702504845021195,22.029567794842308,0,1
154.2293158990044,154.58131361625732,0,1
96.09734106937758,28.26085114032231,0,1
164.4807570704188,18.158542481622565,0,1
24.80701612071139,88.17381146584799,1,0
142.44156619277288,142.58497749824977,0,1
39.68380315475819,152.90851151761277,1,0
117.99735010983427,27.721633035640547,0,1
40.5787073566062,126.69875149962557,1,0
31.090259602225156,40.13592405447896,0,1
81.32468244033844,191.41175135267412,1,0
188.34408509957476,74.19567064916528,0,1
115.02754304310443,166.37922183909754,0,1
183.37266749197096,154.76038784616492,0,1
41.01547712917437,31.31518689766939,0,1
59.17500720697419,87.61441439718696,0,1
34.46661850430643,79.45773100381237,1,0
171.59837128641175,192.05617931681243,0,1
143.87797802180197,151.2092779782185,0,1
68.80771902708645,127.11479330545737,1,0
166.92138606587685,79.6052733543882,0,1
136.4629088621982,1.5201960054689323,0,1
69.7856309145174,134.17888339883314,1,0
189.23411810893148,194.4333449003344,0,1
175.63704876685415,102.69261219058588,0,1
173.89889809156142,20.17503898001023,0,1
52.82804572243218,117.53470690187162,1,0
108.20744151370423,63.65315337870132,0,1
125.50173907848409,31.99314944785483,0,1
106.80540144473918,3.4420436645448804,0,1
9.476346114055856,159.56633777929454,1,0
149.942820601827,127.06542460742263,0,1
47.22156298475979,76.11314716539775,1,0
123.89204819567057,91.30438939365769,0,1
151.46542675452906,110.06317738849212,0,1
29.32437399365837,65.21511697335258,1,0
133.75393153861773,103.91631654686151,0,1
98.07498089543512,99.91110662906617,0,1
76.88142413150456,0.7145611759455051,0,1
182.71197117528192,187.56563869402748,0,1
81.24078259873957,101.02816645568211,0,1
144.41591938144362,55.549944435380574,0,1
18.887010604113286,181.81814828067994,1,0
196.7272196205404,44.63364497819935,0,1
112.0215068066659,163.6998577480172,0,1
165.60737528930446,48.65722136992305,0,1
90.37869055731562,140.33075988281172,0,1
138.58921226648178,184.5474594670859,0,1
185.85829043035824,186.3630455829111,0,1
180.7356930214465,167.55111762761175,0,1
166.77829934969688,134.50850036874567,0,1
131.6364105465812,7.824870212334867,0,1
80.30414592604575,139.27218463253666,0,1
183.50739977235395,25.79537256125739,0,1
193.63725746531645,58.746085324997765,0,1
122.18970519169643,179.50466695926144,0,1
33.979257339152525,10.424724226173154,0,1
19.210390899022812,152.20285446072597,1,0
142.1043856138649,164.31766418475712,0,1
192.86280675025571,18.767754432072948,0,1
150.15644539561714,106.60855788510375,0,1
199.7308790063226,24.19579790814752,0,1
188.52838245363438,186.47621148841986,0,1
159.2022608600681,185.8742320822593,0,1
12.894541552675287,112.87562044791643,1,0
140.12585317757018,87.42147553823207,0,1
187.7102284394447,87.01824204576032,0,1
31.427195113883897,65.30531223328167,1,0
185.41844039628916,84.42685900379887,0,1
145.98572762198697,22.715236050624554,0,1
73.08876979292702,22.083320922218252,0,1
154.7713285911073,74.48174284568316,0,1
47.52423172785703,92.7921783530245,1,0
27.9885634059994,77.67514189013664,1,0
78.12171452936497,138.53373226050897,0,1
131.59006764119394,184.89228952800104,0,1
2.5040629539006876,121.32901995660713,1,0
92.52771623258506,122.65739318492676,0,1
137.0281575258657,69.83805402853176,0,1
5.574589294305721,192.69545722706954,1,0
90.61822186627082,125.88537007447754,0,1
64.27793156793634,28.823178991515384,0,1
42.62926249616827,172.08571934560175,1,0
165.82360935573425,23.44607648351582,0,1
197.3396374039967,128.6101456537474,0,1
130.958929448046,163.04090588649697,0,1
167.04593310965194,106.08154875102822,0,1
96.85490852793168,146.89825829426658,0,1
168.73796678650731,41.13729476730128,0,1
104.54535912173438,132.09996391575078,0,1
101.72705968673337,140.53749202051574,0,1
165.7338662328861,92.03140330271265,0,1
75.7061276725707,161.0304084352808,1,0
187.4833719833253,177.54998286058066,0,1
56.2119008828913,94.29858620560849,1,0
10.10307529001806,17.669248312422226,1,0
55.47980629292808,148.68850682982722,1,0
83.36519765851855,110.97591940946012,0,1
148.43784326227097,68.49397640536252,0,1
66.46756948235755,165.05024104890788,1,0
149.94948953221262,102.72903906387303,0,1
70.31799433848123,123.19019237217267,1,0
87.54879144441946,127.15808849572687,0,1
24.446189549985988,111.1836161620253,1,0
133.18675411287197,108.43377889425074,0,1
105.0157135151599,56.693744609292864,0,1
49.70012550831922,57.958486690094446,0,1
47.7753018893307,169.4015901358631,1,0
159.44445854844165,32.75361058976542,0,1
66.619259965087,10.491576184035445,0,1
63.120142933057586,82.3800740117072,0,1
191.25231324788928,9.43272800050703,0,1
80.30423112911808,49.61965723510142,0,1
49.12382578749972,198.4679226653209,1,0
185.01959722492404,103.08060831097346,0,1
121.2946374031707,23.63006692958791,0,1
64.80449830981784,157.6221297830448,1,0
54.22779817578307,71.51262510959069,0,1
32.54213874575227,80.36331126195284,1,0
34.31468637341146,111.10489961084204,1,0
163.183311421654,18.484729413217416,0,1
118.93162596819691,13.50967268256531,0,1
160.60158608618275,191.08573511790598,0,1
9.430371076075271,101.25529441021686,1,0
39.64829336375628,96.49453717361757,1,0
6.149781166351409,101.595531948289,1,0
150.86071812136467,5.397644117518019,0,1
37.105095031650094,37.25797653952127,0,1
179.35002134453714,42.55538088459729,0,1
119.67819391919257,20.56982434845056,0,1
12.737452944288918,123.31391253278383,1,0
24.768422503173593,33.51738491477645,1,0
98.88973638736867,31.239718900991065,0,1
8.032392930326404,188.8959205768606,1,0
1.0661804157251042,109.27521920229684,1,0
149.1129075335824,166.53623843058406,0,1
74.8929381736161,15.06087979929358,0,1
100.96938562159224,125.84264454881084,0,1
40.86852028461587,184.25955114089774,1,0
67.41108462229282,194.55312826870468,1,0
135.54261156407844,13.576574090021488,0,1
30.255775931746463,21.76586904588216,0,1
107.76408554998712,74.99045137250893,0,1
169.43366800777812,178.30940974552624,0,1
179.98381794564023,153.69683980628804,0,1
138.75444937328194,105.81141107368477,0,1
189.25263276774317,69.83840122239238,0,1
186.79111905671607,191.74992806712555,0,1
169.15574114640617,0.9100381665138046,0,1
69.753930939036,33.514754570225506,0,1
116.36107140256848,63.13909129710878,0,1
48.58344677777138,110.99355443632797,1,0
70.68894716707229,112.16662252174183,0,1
161.9390897794889,177.5502194092434,0,1
109.73755409445363,107.8623018831584,0,1
124.51649847352559,161.6146006013913,0,1
193.56946057206372,132.72051001863815,0,1
59.56514317675321,69.92836235370407,0,1
171.93849583272987,3.4862261476469536,0,1
181.73106576763084,45.93333374605495,0,1
80.2176030691129,57.373682603125765,0,1
137.576698856874,79.70559740876249,0,1
124.57448886187994,83.04767528020835,0,1
183.68696405671665,45.915493646600304,0,1
30.584649836200306,73.38337150530161,1,0
168.8773957640072,191.18021409781804,0,1
184.54885828614266,92.98200094382439,0,1
107.34363458247213,3.3799706944377617,0,1
31.50980436369517,117.65021869398117,1,0
22.65619083687036,12.414572005243762,0,1
95.44071733888482,151.81850289785288,0,1
123.13964197291011,141.39803592393162,0,1
119.38262543233935,190.45599227330158,0,1
105.27562292433149,141.1985248598989,0,1
66.29742407225854,152.03795490189026,1,0
147.1685122418784,51.90084628249818,0,1
199.8052158195883,197.0766157097266,0,1
145.71923065394816,52.705676693826774,0,1
89.35252436485932,155.59118749592503,0,1
47.138400885583806,102.73730178391689,1,0
150.17784944586037,17.993553446917552,0,1
64.6483065047025,45.68406787729802,0,1
155.91480390780663,103.1703286117948,0,1
139.16923413230523,99.28783930705158,0,1
198.11553160839037,33.97948448208552,0,1
23.46059484133316,119.68237865247072,1,0
0.6700708953212953,177.34863770023082,1,0
87.04289414068005,189.90882381669903,1,0
48.67315534213736,87.49437681849585,1,0
129.65237046976475,67.1234952797961,0,1
156.4349082932919,101.30117480090605,0,1
13.313918865324602,118.42577349875833,1,0
127.0383233853264,118.68164324481643,0,1
196.0535123141944,162.2279236239653,0,1
52.06392064764247,199.38058825182225,1,0
88.65868768998797,41.86518408279536,0,1
124.59851489832756,29.85485000731929,0,1
23.112226517665068,118.50210032907931,1,0
7.6856584894006374,128.14186345678246,1,0
100.53566207310412,8.608372411578546,0,1
188.30637121803613,123.54681462515428,0,1
174.52494400462493,67.55930894700275,0,1
180.61054997766053,82.10145411582242,0,1
88.45377699411434,166.47740197051104,0,1
195.34089966368575,1.1832240059671095,0,1
55.53831983490647,185.22235400546683,1,0
161.45954617676577,63.44831148443186,0,1
127.68036232328592,189.03957616072103,0,1
31.96345438105881,8.49097721537615,0,1
155.35221761386714,84.04444701643858,0,1
80.16842883922752,149.79045438675433,1,0
117.41602657050521,11.784253310376002,0,1
186.68607061287992,189.17690643507865,0,1
192.00991920463593,101.01428210677695,0,1
111.33561049941689,72.44705667655786,0,1
173.26613506304224,24.548383573403765,0,1
94.07634138860783,37.77682104839981,0,1
149.6682035467149,168.89144756697632,0,1
62.84180671527919,69.67875016773061,0,1
191.17775175988933,131.55882489784346,0,1
127.22671701857547,75.03096542982588,0,1
160.35635202426323,43.20727099544577,0,1
121.01367900413094,90.17514104616868,0,1
138.93166201346332,114.50105282503553,0,1
117.1571257853496,197.08097436772988,0,1
80.14329537401623,151.93294561621508,1,0
31.66656495038871,8.621170396555765,0,1
70.00799164159118,174.22252327196034,1,0
112.65538465065536,58.517174858933174,0,1
78.09580985191305,92.98021434360851,0,1
65.09466466405296,136.5191163088609,1,0
38.0707868214758,19.707831569514745,0,1
119.45041560584426,192.71387184174694,0,1
87.17329840382881,75.30491285380411,0,1
9.998362674650775,142.08363546538172,1,0
115.36360675369622,63.92056354354976,0,1
46.571453408177476,166.40791913475033,1,0
41.417511504726654,166.67259097492413,1,0
11.865569836481304,59.002634897659064,1,0
50.36775137154077,50.54189246018872,0,1
160.04230752882088,197.34104534905194,0,1
120.89897944667909,116.38974372554421,0,1
80.63334266505049,10.976123110885139,0,1
5.952318812653079,37.511270777628326,1,0
14.89632888548893,169.6168182488937,1,0
197.09766660384184,110.31216445193456,0,1
129.92891513215136,41.79023287056782,0,1
73.79035778448993,83.82829375121304,0,1
49.781723469123506,24.198804549805942,0,1
151.00232192957534,18.42916450446821,0,1
61.829048453156176,54.69024613662261,0,1
42.86452545543602,169.17373130803088,1,0
70.72173214796018,147.81722917783787,1,0
189.38223088666507,162.61480615546228,0,1
181.37315712840996,133.24794164203317,0,1
162.41762905724485,168.57257823595845,0,1
145.2725661167937,137.8080654884834,0,1
163.2569966840019,80.09535759020649,0,1
173.6017056525265,58.125256206272205,0,1
115.29890595134715,67.08595746710881,0,1
28.039600778805273,156.35462363755403,1,0
182.8234587269039,36.381834397310975,0,1
53.266027592016485,54.66608684826015,0,1
164.33535584892283,24.125144514011467,0,1
47.55973004076832,22.316919634373722,0,1
14.896518647093648,170.66042629109907,1,0
163.41821399791542,69.03631573475522,0,1
97.8926082286418,198.62888696966564,1,0
99.02538221655182,138.22223645734462,0,1
55.90542134707239,115.40511049291202,1,0
34.883692661806776,180.544164976251,1,0
16.975278130845183,196.33224989673127,1,0
13.302716271119719,0.7327092447764194,0,1
19.12902507761538,61.598732753625555,1,0
70.4488418426709,12.847854329952435,0,1
138.85922242699073,88.88175250410808,0,1
77.11026175288067,102.14263369425625,0,1
13.224926643695522,169.88774500583253,1,0
28.51584097058053,69.31984412532522,1,0
31.412646285602854,184.04358014757483,1,0
55.379587907463204,5.332400908570878,0,1
56.71007980258202,178.87741371258537,1,0
136.808678063129,188.06621623534113,0,1
183.42911285809214,64.84826554253233,0,1
199.24551004041413,49.40628522760826,0,1
86.0870259452134,12.840755743864364,0,1
94.14235371069677,136.9960451489116,0,1
116.90567079675071,53.92248821039081,0,1
178.91952824673703,115.11702187453561,0,1
180.5131868068379,84.34924210032197,0,1
53.21559227226973,112.64772937760826,1,0
56.55189601208781,126.56932151796521,1,0
143.65942495957776,113.59090922228975,0,1
95.36575677208799,67.03398456110543,0,1
127.39434875718507,171.86933214439927,0,1
110.04120197346785,46.35753680477812,0,1
146.54401621406294,46.216937654803814,0,1
9.984785905504356,39.60777583296964,1,0
100.3519853946009,143.0117649206522,0,1
1.3191787496980023,19.79895977529711,1,0
15.332138462799438,4.114783678608669,0,1
151.84580961980615,86.96129155386154,0,1
20.913368459693405,76.73414529705494,1,0
18.823913897281773,71.82648420280682,1,0
36.57568634629762,71.50605679681767,1,0
185.9475018876543,67.26776955423668,0,1
35.74536506515378,118.69046378182261,1,0
76.26473096410005,138.3443685362529,1,0
10.226917574319883,75.5657501568058,1,0
94.91558853312878,154.96901493708287,0,1
168.34998157705354,129.04272842519802,0,1
101.18500314560134,107.9917090675116,0,1
53.367007655280595,38.70325441022191,0,1
37.130121691322614,90.12782714751077,1,0
190.346350131052,37.843874813735034,0,1
53.19098621485969,104.596010836291,1,0
137.65503213625803,105.09633985117858,0,1
155.6710208575647,50.32742986088279,0,1
142.912592556592,116.59229516180933,0,1
20.142251987813985,167.58791442308024,1,0
126.87357731552515,153.3734549223177,0,1
151.28946528319045,43.8050816240924,0,1
180.91521597666923,28.448799611352293,0,1
47.34240041181397,141.3054957144233,1,0
189.30459465926344,80.35873281934025,0,1
12.828410571125847,35.93771882597876,1,0
51.26823373051694,18.388318111023104,0,1
78.41566980236396,112.79670580118125,0,1
141.27718186253492,149.15773849621215,0,1
130.00804031175016,79.53213222840856,0,1
143.50593516641496,28.06584876472149,0,1
130.89343314921751,48.048365993212826,0,1
92.28304948218393,184.82562290340528,1,0
5.558143910693669,108.49654720803869,1,0
181.4587001848736,170.5828553604541,0,1
115.50421768071138,136.78857381448796,0,1
52.15006839055092,104.16936505008086,1,0
140.0721842654272,131.28019220614007,0,1
152.400413658134,105.74387277441193,0,1
86.07461670786148,44.60085296059712,0,1
65.0430879519497,52.87108185319149,0,1
67.16749442519101,26.5488613909006,0,1
40.02702911633942,151.68085611258923,1,0
140.12853473464787,33.554928914046634,0,1
67.7429682039672,35.29733568685802,0,1
90.97493677612371,173.0699586462979,0,1
3.1659617359241166,63.43050408609552,1,0
136.39435098026757,2.645909808758473,0,1
4.165689948918261,111.36199045510857,1,0
7.980672270706313,147.47545398641552,1,0
33.949940458272955,179.57097581939303,1,0
25.20708039220869,57.45828991875905,1,0
23.269228292413757,1.3696346611023147,0,1
142.14281478360562,61.294373551605005,0,1
6.279930656616672,113.7909879552746,1,0
9.733639757190948,21.823811750527522,1,0
51.22982787839818,97.20901050137027,1,0
2.5070251290203016,143.19848007366974,1,0
188.142805490305,16.823284367894352,0,1
147.9696112629376,129.68014017316517,0,1
160.61079335079611,27.02063451846208,0,1
67.8566598851385,72.93115931807755,0,1
54.85938752367343,38.15959177205468,0,1
125.77957401120032,18.18516342394645,0,1
146.97622958466096,182.02464361301216,0,1
156.8006372250673,99.67367367000965,0,1
122.82201085124042,72.36063792004505,0,1
42.37054194498968,115.3748227645673,1,0
6.667219219263565,11.268212343916261,1,0
157.68627419432747,64.05697209177328,0,1
103.13949785023917,131.17090522319316,0,1
71.56459406897808,8.862024772758147,0,1
178.01215079628417,165.93417103110386,0,1
197.08114617427682,160.8476409312427,0,1
143.5644800665835,187.75516646064096,0,1
116.956049103796,97.62165897870835,0,1
79.58510347207908,59.36610876876356,0,1
81.70169914451897,143.45786281673693,0,1
81.11761984726202,78.64951336577693,0,1
173.02716159106504,70.60970814148769,0,1
75.85295679720896,37.70474937811361,0,1
91.04478737740445,27.493410160674436,0,1
120.47253968225067,39.979821207655334,0,1
77.8931116122887,121.45001749319322,0,1
128.82887668557407,123.0066694625999,0,1
105.50235269040695,16.668605859244412,0,1
62.47165091725948,189.1291768023822,1,0
16.774900464004293,146.60836658307906,1,0
162.25135022772344,35.136484970722414,0,1
21.44274163222162,33.3623242243086,1,0
48.681223606377124,26.864284350304878,0,1
45.936470818119005,16.88659298644717,0,1
191.75295920099848,182.97680901937397,0,1
61.92824956490271,42.927279255750975,0,1
81.96140147995959,139.6808969473908,0,1
79.46408015926426,125.37963504172616,0,1
103.05215338041735,34.17150890632084,0,1
62.80178335105895,147.0199389512049,1,0
151.17303598288336,187.966253608022,0,1
91.39732157101024,22.49471691629634,0,1
142.76254805895877,49.58349894452707,0,1
172.40225347169365,49.21529385844183,0,1
50.33559731475308,110.20933435839544,1,0
189.81935962216434,178.36029437650456,0,1
0.8301311628448937,8.682310124917647,1,0
63.54567348191513,62.51924753688378,0,1
149.81012493283276,90.84033871669384,0,1
39.987277154884836,166.36121939702764,1,0
128.5681236164072,189.0382899191202,0,1
97.43514812459483,176.0354362789225,0,1
85.30050604734139,42.847783558296925,0,1
163.935042267047,180.80064043695265,0,1
161.96454918768455,105.24302742793104,0,1
141.40682295730457,14.228562524926103,0,1
49.45630312947833,13.352970026577292,0,1
9.787235325482225,113.10560390672133,1,0
92.74447420718258,162.63575375929398,0,1
194.98438525831583,135.59454072846765,0,1
109.28662482757517,2.7478487842937716,0,1
50.66043316575595,15.819474398758636,0,1
32.5210139886174,109.21926284302752,1,0
16.278691153252247,12.72503053525269,0,1
123.7018299722266,158.80783331540204,0,1
86.0585846310469,121.05604667227563,0,1
116.59524912684,117.16353337848125,0,1
103.12079008543967,155.8165726248357,0,1
197.13430751671893,101.2553651725702,0,1
160.10029459289373,95.76732958312645,0,1
104.75980140559413,27.322419496249385,0,1
167.61178208857197,87.73546316666993,0,1
184.7929582516665,163.85821954300036,0,1
60.813043982119396,193.60105894415705,1,0
185.49783300011663,108.14730687870806,0,1
100.91935133110192,64.76182438813439,0,1
71.34522060325088,31.0994887316004,0,1
131.80275809296725,26.606908613566894,0,1
197.68963130426275,136.4947823816436,0,1
26.168039266568165,73.89417365645454,1,0
196.89930178241625,83.83696674797835,0,1
180.2828438255549,3.8429616037829684,0,1
127.02935088120778,190.31617060354492,0,1
43.59306373251215,45.93248830181111,0,1
12.781774124308253,39.08205501943871,1,0
13.767188284218612,130.8748650292488,1,0
149.7470560987945,77.09823696952289,0,1
102.95585844646311,75.93848775749466,0,1
70.59730399428332,174.1199862729799,1,0
149.41560050817492,23.07806859611801,0,1
20.68537113505009,55.132845117998826,1,0
73.65501815735225,78.80095748224034,0,1
195.002520039966,137.3979942893631,0,1
77.94742694592425,119.03503418563173,0,1
5.363991079202979,64.10026988184518,1,0
173.43407339464386,97.9342407807402,0,1
6.501000898634524,3.205857129806655,0,1
178.7297993393557,135.24150811710825,0,1
79.12116582377071,95.96019688319024,0,1
180.38674148311017,117.02475060613793,0,1
50.75304771689826,118.3033485677436,1,0
164.08227371019657,9.656752477214003,0,1
10.19348548208232,122.22450640668674,1,0
92.94678991559155,111.446826283753,0,1
85.3820410609464,199.9115594507265,1,0
50.84600896830478,64.77014857646566,0,1
151.62797919048168,85.31576176894391,0,1
155.88912652135429,199.8108995197398,0,1
36.31682650911288,174.15978510785095,1,0
98.90780895277074,134.3422994637952,0,1
22.963955758202424,157.00293106082316,1,0
77.60692717562745,115.70947922327485,0,1
175.1680916638384,110.52190526061585,0,1
105.33405212608046,191.63381618377173,0,1
122.06745119166497,191.70279044841078,0,1
8.069004390017408,116.83437177413376,1,0
198.88525239097547,122.84791243548374,0,1
98.54089059915714,19.229770976499495,0,1
174.91317268816212,58.81701306498217,0,1
182.92224148276014,21.863537710383895,0,1
161.0514711293248,66.21966079602682,0,1
37.48294184208674,50.6468587089151,0,1
195.56779086448705,195.4466418778955,0,1
89.96947446732054,198.04643025600058,1,0
170.11800991162124,162.29062240969313,0,1
53.229919886109165,79.63843719489473,0,1
60.77063610097817,153.4427558580676,1,0
27.125638030681554,32.32846960973812,0,1
37.92730147768684,117.7759861350457,1,0
145.53279820350417,181.95493890335743,0,1
98.62202035031413,18.46630923043997,0,1
132.20266583180708,36.585699275723705,0,1
112.35866347169234,179.35619582859582,0,1
77.1945849047999,96.00930200660021,0,1
63.776440654020575,114.29332344665988,1,0
135.7009392418086,22.567584761063397,0,1
86.49951827344864,147.0086244446802,0,1
16.02522394443855,42.44699494256609,1,0
176.8485413228126,129.9599097226811,0,1
84.84237637130079,64.68730701087,0,1
55.6312774853368,155.82226818829284,1,0
111.49834821430046,190.8746625392189,0,1
140.7334650959246,177.8770325822763,0,1
136.13855443124706,95.70774624040767,0,1
44.978679588781254,115.82140762355861,1,0
114.77254339310072,137.89460834648335,0,1
42.1252872581352,133.0663682724011,1,0
9.76657789520663,194.9311321571628,1,0
132.53102871391812,113.68938432060001,0,1
95.00189862655427,185.9702914071964,1,0
87.6538243001566,100.66118272686336,0,1
163.63147585712588,46.93559509750811,0,1
67.14310415944074,55.37216760832664,0,1
116.67109346890499,156.27965927940153,0,1
197.5635761764819,98.18607185583798,0,1
43.04793596530318,19.69073486783779,0,1
157.13246401953666,45.365158556233844,0,1
113.96842655297188,90.51405273701081,0,1
109.55448944853208,63.08322927949164,0,1
57.62194219142507,174.45642849896302,1,0
34.563401521356084,10.928860050084133,0,1
4.780714602885339,34.16004401311361,1,0
139.26514138470998,105.08278208371155,0,1
10.992255698675502,142.59061570928,1,0
111.79130741659091,55.392423570857275,0,1
188.5736580106818,2.677302198338527,0,1
60.79336798993265,123.59199330506165,1,0
113.47827839261706,94.62099542094798,0,1
8.5111740615609,10.530704907806454,1,0
130.71530692646328,182.31133558411256,0,1
82.79997695874131,76.41388472569108,0,1
139.39022965201366,174.06884236162,0,1
141.13668191413913,155.54630319281605,0,1
88.28854398877932,92.88255071189006,0,1
45.22476116734704,4.9798358346118565,0,1
178.5585281255196,148.7418548296938,0,1
68.66268002090845,17.00561662721696,0,1
153.05218126270356,58.685955896622154,0,1
67.90653613461659,11.617134988430555,0,1
72.92437477634309,95.87380862964088,0,1
63.54110918756164,49.52536456569781,0,1
179.29439626560716,118.91974664602323,0,1
6.934549518034494,64.06490303210653,1,0
181.25102283630903,86.373382291393,0,1
37.4708960965767,4.848950393422413,0,1
7.608077978123129,185.69120781156246,1,0
11.716144608084434,90.31016215353402,1,0
66.56620101393864,156.6768897541134,1,0
193.1879268266891,159.1743566489754,0,1
71.28888612968396,40.323692675186564,0,1
109.44259413358847,159.7017998607874,0,1
139.26129205407466,50.47304014432839,0,1
106.50920739659246,148.578337000003,0,1
30.296603728767945,157.3489815392492,1,0
192.00860238347536,174.27463392531172,0,1
11.691940247386068,178.62574236229457,1,0
78.69445747341604,191.91479894390687,1,0
159.64946606489502,184.50528513199762,0,1
103.63501855854567,134.3289103172315,0,1
180.28364075190822,167.29758490397288,0,1
43.45059228555943,32.90103458218847,0,1
77.64806389204786,119.46154187843052,0,1
168.16907939803895,191.29510576156633,0,1
169.2427105763494,44.038879665527155,0,1
23.576446190389678,111.68375250368032,1,0
173.262746086983,78.92081619303528,0,1
79.07117698909816,152.6329781928143,1,0
161.1872295082354,7.677988740956887,0,1
21.01248130929214,137.2030665872352,1,0
163.20045753621991,9.805580926822177,0,1
63.097731901091535,121.06750166567282,1,0
142.04488909648714,109.36477333550403,0,1
65.96199561527776,18.081129655522222,0,1
27.258841682255674,194.61952833310286,1,0
71.67850592031968,78.96879927003542,0,1
89.74226067425033,60.58483922802256,0,1
133.6729281692199,156.97304627419177,0,1
12.672685680313766,3.7185487328889266,0,1
22.462490154255544,20.137601290943643,0,1
147.54671982325976,32.25389518382753,0,1
122.73274651663095,36.818812537511114,0,1
177.6624484573054,13.05531628533001,0,1
194.12327072010757,62.48875584720961,0,1
174.97316771542393,197.93183019222366,0,1
96.49951883763003,128.08007695247593,0,1
129.7927489734902,193.3398954096041,0,1
160.31659756066355,94.85283988393387,0,1
136.30490487817195,80.6720356056864,0,1
136.80576127469897,107.24684986025987,0,1
126.81166579537258,99.5379368504656,0,1
18.59808897241926,155.72260050706828,1,0
47.35878357159646,189.0971329335818,1,0
53.09860303588325,154.62562041829554,1,0
50.654424358929376,2.118300990010513,0,1
131.90077147471266,101.29846457225204,0,1
15.45055316216768,93.6318728975883,1,0
104.691537051004,40.330920112803234,0,1
132.58836269077193,68.94471836207225,0,1
152.4352339345264,26.53962580259064,0,1
62.536730312067675,76.78596298800116,0,1
5.54693536219053,181.8481850854709,1,0
132.12993510541534,29.568790408269784,0,1
81.17843630357775,189.86226523732032,1,0
151.29560796745,80.30787067822035,0,1
86.90130767327364,88.38489939593224,0,1
58.045135354248686,173.35789234089154,1,0
64.41914580543565,166.1900214965926,1,0
40.108220295481225,190.9112258915214,1,0
150.40969002707894,59.2630332068175,0,1
15.725512401166885,101.16792498242691,1,0
80.40145135233097,122.83219084343845,0,1
45.496174956904035,148.47333279388525,1,0
143.48156752690562,39.773950135329386,0,1
46.07639997988437,60.67521397023319,0,1
138.04639317869976,159.37387872733865,0,1
44.52728008103195,132.39664842185414,1,0
22.573992295959776,86.3323117713262,1,0
20.619494721135755,144.15780162842836,1,0
164.66838423982068,120.45889332705373,0,1
63.774642741605646,75.57150772940673,0,1
89.16038344932049,17.72324921160342,0,1
86.6823922838413,44.55624133036351,0,1
85.85454118564118,162.21993594085916,1,0
72.0017835645451,27.307492963434132,0,1
73.89893971157156,88.27880711908512,0,1
63.304859095110054,192.56211081347638,1,0
125.3768700194382,27.188355811741772,0,1
160.89913527628562,172.52219112963238,0,1
34.075072776833636,91.79386759194605,1,0
50.201773025225904,30.969826175882243,0,1
53.136397243754494,67.42951049809265,0,1
19.271840106291304,170.81144448237916,1,0
146.3358401632827,20.52017170358362,0,1
159.51740301632753,121.69475269190653,0,1
76.01834862366444,31.574184931904135,0,1
113.66781383027384,53.77431193053637,0,1
93.73013991993217,130.92816192250254,0,1
124.41554807234749,81.36045937426898,0,1
180.52332551180385,5.271980573749335,0,1
191.7516383868409,108.78473806785966,0,1
63.870979542759684,69.44009618480547,0,1
50.325712520197555,111.71333621178564,1,0
199.72647915719105,115.56649410034454,0,1
135.96602459104014,62.0434312063175,0,1
82.14162166704703,2.041865212549121,0,1
1.2772991145981516,94.38431501362228,1,0
19.22824459205179,52.93120875338191,1,0
196.26976073272382,29.417075330700705,0,1
42.47043468372611,182.39681436320214,1,0
41.94182392975241,141.92258157997932,1,0
110.32957497327548,71.23479920109905,0,1
145.14962455835496,57.21942696618192,0,1
59.06123847354663,188.1416361315868,1,0
59.11354616867746,69.08244376205954,0,1
46.01074738119997,173.1771511318155,1,0
29.847084605426687,195.11408374549492,1,0
196.74796816368837,142.91464048648515,0,1
48.0461781527537,113.90466215083997,1,0
85.10955361367556,164.3153399766916,1,0
40.78780088426046,154.5280606326594,1,0
41.79271755613787,113.70970536914396,1,0
52.319489871927516,148.39783788507185,1,0
6.702422038853562,155.70154802462295,1,0
52.93403303843691,153.39131015571976,1,0
199.57469988024005,18.45318541993275,0,1
195.42093447375203,14.783160354214942,0,1
145.0561961900166,144.43729693268588,0,1
13.956660537530352,16.8225094043567,1,0
32.31724771772506,136.70116656066398,1,0
160.40839827535308,176.83901274450895,0,1
124.55795825484812,150.30395633992734,0,1
79.63733928551142,85.65842116631896,0,1
137.91618031026601,159.59367659364685,0,1
42.476881373410635,163.94697795569073,1,0
6.38837038507114,98.70653590990645,1,0
71.13214365171665,163.28868069593005,1,0
8.166142116893504,99.865133575721,1,0
130.01599292131817,6.16012025298176,0,1
52.82672246350415,165.89950453051168,1,0
67.35084121016284,120.65426250524118,1,0
10.48944766877218,54.28108010034614,1,0
164.2777035038911,186.07790549288532,0,1
152.75022647442128,119.4043282585051,0,1
18.759431709612407,8.073389854991419,0,1
55.44592053164801,157.6402316311802,1,0
193.58218486551507,72.11443351274534,0,1
16.50469970081687,172.11042488143943,1,0
82.0852310600755,79.97069727419873,0,1
186.87274062356727,33.985889589103444,0,1
57.79961414907482,98.08995128209033,1,0
117.35057004899335,65.53216149702425,0,1
76.75070381116697,181.16488840252825,1,0
0.3406442257644082,50.52204666926086,1,0
144.8578029352228,135.2784241826095,0,1
118.29644483063086,183.70613248189503,0,1
192.40663564903016,123.92282575991935,0,1
53.38891790022608,71.41502700828619,0,1
165.86221500502816,173.78384139218667,0,1
196.8198624588727,132.7969026884576,0,1
197.40869184253717,138.80357312982795,0,1
37.61325673040259,90.08623830804983,1,0
163.76288673906282,169.29153758483065,0,1
28.62613178183462,45.91766828467363,1,0
126.57598376952816,89.91426000099005,0,1
127.08987242766692,44.46273894629667,0,1
188.50737783051645,188.70018171974544,0,1
33.34024947640517,35.77284505195273,0,1
69.41398692977057,147.69951364263346,1,0
50.93442772238277,198.1674532213718,1,0
41.90540435911125,172.02158982096583,1,0
1.4905680938921417,113.02763863733585,1,0
169.45778194882897,115.42475931876723,0,1
175.01710738324974,17.45254020294147,0,1
113.88627555716624,118.27894416332201,0,1
11.686124399732044,26.31996147977045,1,0
119.77616150401593,39.94256301728929,0,1
135.90012026317143,93.62851948180607,0,1
150.25529188833931,109.45873386909908,0,1
41.741168012086185,83.22393929964109,1,0
53.986386756858565,115.17821185406298,1,0
26.774441685899617,138.11909184774612,1,0
5.364023670451834,118.44840269018894,1,0
80.32943923904938,158.89264491062397,1,0
170.37654863372694,80.25258389675545,0,1
25.159556922795478,137.46268903167356,1,0
63.030033188044655,89.20237043675898,0,1
117.41816514995409,151.63091233548255,0,1
144.63194714196578,108.39510635275049,0,1
20.077296460686654,189.09919898594697,1,0
64.65261915429113,25.69260693673843,0,1
144.74629991345617,59.163268212301354,0,1
30.779020134232084,157.67296028004944,1,0
172.27677181300749,108.76928830348814,0,1
179.64790329644347,32.62132875227779,0,1
92.9838107358129,27.166353383006502,0,1
114.23228961885923,108.00869516294003,0,1
87.34392093937775,48.625620349622324,0,1
142.85080882606448,27.8360893783981,0,1
52.71805537255476,153.33318913484024,1,0
7.825791333709153,108.00260072288302,1,0
93.6532195538972,168.92779008616944,0,1
104.58482604168262,8.365646882335831,0,1
97.24679249659398,185.24698286596322,0,1
193.7067234996885,51.84951362350843,0,1
189.36003331848573,120.03505682491343,0,1
128.54056906491977,114.1013212188135,0,1
33.501154720903095,149.43002651667817,1,0
72.11109813861856,144.8001204894692,1,0
191.3571154960007,178.83824714548996,0,1
28.921970977613775,185.89764512130967,1,0
160.7183887593292,6.727502566448784,0,1
57.535736311180344,140.75199732101134,1,0
135.30615488653527,76.78698310954934,0,1
11.698871697369185,57.656097796637276,1,0
93.69990705104843,60.68887221037169,0,1
16.791779522696547,119.44447246551817,1,0
106.45451961903562,159.80404917620473,0,1
146.7614700733324,85.34603626817865,0,1
175.71188296717662,191.01945024742588,0,1
42.314711150780894,127.28430518673603,1,0
134.46489655063743,49.93934905810023,0,1
61.107529720965694,179.09095400568208,1,0
105.48456595486584,196.86770197213752,0,1
160.20422049645222,67.9486204871163,0,1
34.82780054762485,54.41194587286318,1,0
99.67996631765395,27.77957964805795,0,1
89.34833689655856,137.21806255612313,0,1
23.69359323784097,30.33911509625351,1,0
23.09353335326756,60.040607262240364,1,0
107.16948827743975,196.0441938017541,0,1
65.49747105678081,140.28842734150666,1,0
186.18840474851365,68.69453722642349,0,1
156.98223819988627,148.63325426082918,0,1
135.62027732554674,174.6118460781537,0,1
83.88515927391336,159.03644338628513,1,0
167.33000647184468,56.45067052073289,0,1
157.35663484541195,87.29851176510437,0,1
31.85458461273396,10.598927756508525,0,1
31.31000979116687,163.95927629342646,1,0
69.46907820384038,28.848049061844193,0,1
23.25034384879863,50.586748837993746,1,0
124.3257745836193,44.01409771435165,0,1
109.64893804212782,45.5143963265058,0,1
6.560041156631002,57.104020246536045,1,0
52.28132306163842,99.38414106867883,1,0
98.71347362286076,4.886516788910478,0,1
61.708326887986196,147.96568534203357,1,0
51.36137480733558,68.26920556671337,0,1
6.163267623689395,179.9944053072034,1,0
154.14398032115673,165.05027389333534,0,1
25.705203734318705,44.65700233609455,1,0
82.49908105508827,29.250647645206975,0,1
174.24487829708622,11.964535280830946,0,1
28.805396327319976,113.89911236674348,1,0
87.29003456438309,108.93052158830399,0,1
164.8793934924061,129.24334673537194,0,1
146.53845439820603,14.431837047454032,0,1
13.27916982441777,2.918343168618409,0,1
162.31710080494156,171.58554585423659,0,1
182.50366748994148,125.55302468999317,0,1
136.83492455144096,175.3433845335297,0,1
177.83979602182148,51.91607902017012,0,1
79.88261667757885,13.138044720501352,0,1
105.20539883624203,170.93587686614018,0,1
160.0836797860798,123.87949783972923,0,1
16.748663129167873,55.0096427620145,1,0
102.47133549476246,160.71799746389382,0,1
64.64628209036792,3.96764688463509,0,1
138.12710225514442,44.889737717942246,0,1
178.97443274852344,173.3274740868578,0,1
37.80858810910264,167.36720411795693,1,0
105.57512924648181,32.336685843532905,0,1
36.10498999503293,161.53748378525847,1,0
109.60694767581923,158.50330117469107,0,1
61.66564845279947,172.94517322915488,1,0
68.11652459749938,5.134060956830266,0,1
120.51460275222279,191.23326103095383,0,1
88.4202882078214,70.12434450016234,0,1
161.20647916284423,12.613389799423569,0,1
182.64114073649424,29.612978584124217,0,1
78.19057666141016,152.40538907829844,1,0
129.7212886197207,54.985685540158904,0,1
110.87934153246132,33.6560651550297,0,1
50.44281463169651,55.88452929554675,0,1
128.3603862582354,153.48167273420913,0,1
41.28317723096097,79.34962130401779,1,0
115.92745043232242,101.351789584656,0,1
29.134618442394043,94.20190513423255,1,0
41.42391046259728,117.69580546166843,1,0
55.813203524819045,199.11875775912458,1,0
105.32485583001994,140.10046318117378,0,1
172.94880723264362,55.036493359921714,0,1
15.10476380669079,0.47805119237784854,0,1
85.26407264586837,48.28092766004297,0,1
175.689362586691,146.3314626875851,0,1
163.31172798669894,127.99855214517713,0,1
0.7727318092655144,91.58380082706603,1,0
121.92176923957125,2.336824428720008,0,1
173.62199378067524,90.63430561120904,0,1
11.916612490740208,146.38430425926566,1,0
135.64855588814459,75.30895651743006,0,1
46.204289599632546,172.68794012772577,1,0
97.79403656920766,77.40101100804384,0,1
59.35318759310135,15.363067511654815,0,1
130.41533587279687,152.43699172535642,0,1
86.93712208932325,142.9997835176374,0,1
120.87144693737899,7.986892387800437,0,1
110.50263847095351,107.0129479196815,0,1
2.3668218922541895,161.92221149975373,1,0
176.3415155300897,98.86546724909142,0,1
43.65333548119863,18.72407398537479,0,1
37.03215498890873,16.472604499390986,0,1
142.87074397359106,185.4076564273469,0,1
113.70826749447306,182.47979038820702,0,1
114.87027304457528,148.12397276656236,0,1
92.7451480037897,197.21193817025394,1,0
164.08629882732995,25.574251627837352,0,1
128.34448711779845,194.62119394621584,0,1
75.2032027826882,4.246803881270256,0,1
48.81870848964203,63.216442614128376,0,1
100.4475577989594,53.27599455306667,0,1
3.0792137183553336,96.57765133200678,1,0
167.32912415431508,8.62421702598375,0,1
53.36620532011138,34.746198530388185,0,1
150.84393400676473,98.69204199278813,0,1
196.64725869274676,161.53721938529006,0,1
92.49056434678332,73.71290509985869,0,1
53.42952344642728,103.58592512948917,1,0
49.47952971757799,164.0206385715315,1,0
193.6665763001861,147.58944571238823,0,1
5.2081412099795665,70.61756077106809,1,0
35.03315203350312,37.10963329631631,0,1
22.46894879250807,169.96670438857697,1,0
194.80222202747618,8.065601055883477,0,1
163.88916868477054,138.60857951952943,0,1
76.89695550193281,108.35754352857722,0,1
141.53429259095688,137.4110297654144,0,1
82.71200773540825,114.61772265570296,0,1
47.99884609865668,22.329208285520075,0,1
41.3303586727513,17.75411468390642,0,1
16.24756925535893,163.89506677328544,1,0
23.341649563584,83.4172474586544,1,0
172.069440973398,102.18837255122813,0,1
76.34672622392094,186.34194500969429,1,0
109.08612563077709,173.08698472153378,0,1
191.29821277388618,72.2684847316645,0,1
49.18234599444236,132.3644718545641,1,0
98.9439289586679,172.48669126103886,0,1
118.4871976098327,120.28540537081321,0,1
149.65198180546687,131.87612018952584,0,1
50.40318386164901,158.68040825482475,1,0
17.757941197945936,11.089732890294822,0,1
116.02049457864703,48.59992201786936,0,1
110.15461182545508,42.88085642291413,0,1
69.71830454620087,178.79869979361217,1,0
84.79462360162913,78.46935928871615,0,1
44.10688942511531,16.406383625086573,0,1
38.44825135186103,98.98054137683296,1,0
173.65059310348977,194.93811128850405,0,1
17.242539386526357,4.385779437474957,0,1
46.41414796784247,1.897166108645587,0,1
30.93802588355299,183.78870732447626,1,0
67.99457089553609,38.45561633525711,0,1
68.04911090603147,20.79478519726905,0,1
24.22581761233742,85.59801254418109,1,0
194.8524423084685,152.6468770915992,0,1
88.69643379279569,51.550640760923415,0,1
172.8645239931065,128.16640621234876,0,1
96.74149154404559,148.17451387134312,0,1
71.58023681004676,133.4716901188128,1,0
195.69103917912142,34.02498304995119,0,1
62.63659633381358,192.27882081044945,1,0
168.38882066394427,105.61620062174548,0,1
53.71634546164235,61.01556527528651,0,1
28.173808153868983,97.91353363733266,1,0
124.90233488855216,7.6852272799502686,0,1
87.82940642849259,169.9140001423924,1,0
11.948515216441557,60.26732837417759,1,0
126.67561549241955,124.38393256054641,0,1
158.3420615065131,57.00350989191008,0,1
188.00220497143428,138.27551902231554,0,1
81.5916025885135,166.85112009382013,1,0
59.15779584648399,27.486360681155265,0,1
76.95228045758995,58.10659111895424,0,1
127.77689741776143,156.4599113760073,0,1
194.3365485811543,69.94605861815822,0,1
105.45708689019723,196.7467945356305,0,1
51.68566462128288,2.145001895758658,0,1
195.42060747494816,67.95079225126983,0,1
95.58560778257308,175.87699105693144,0,1
32.90874249657669,140.36794346238833,1,0
109.172769614881,65.68005680000333,0,1
141.94083903188135,134.14464139984364,0,1
61.15526135888438,90.82599139727586,0,1
186.07624877472344,100.78169499371216,0,1
57.9460112501764,158.43654901936625,1,0
119.6534641908215,95.94021801218457,0,1
186.45246460566202,77.6279218393636,0,1
82.97622495509047,63.04548676056476,0,1
119.9599846726813,187.12356777862243,0,1
174.27796629858165,78.64461877136755,0,1
109.81366015173836,54.4300667770849,0,1
105.7922892515643,9.315191048970938,0,1
165.65824196858827,136.0110340989765,0,1
44.28373630641893,160.8159142481259,1,0
77.81046711238969,195.06944550149606,1,0
37.166978893954926,169.44833849400555,1,0
184.86935430579635,50.85152602417868,0,1
109.45969543655146,8.843305079744535,0,1
148.03397061550243,84.94205237655652,0,1
109.59622586174204,111.79669397549587,0,1
41.48651819028224,89.86146967020741,1,0
165.64938117199668,163.05091495091938,0,1
155.00542757772914,190.6312426487061,0,1
179.59818406453485,29.02566182870261,0,1
126.2578845592893,112.09744118512319,0,1
104.84678401275949,40.046670965713375,0,1
120.54584363535797,195.29355831313907,0,1
54.550594225457715,47.44692266674866,0,1
158.69432899528064,158.82960738751743,0,1
157.73847498950815,41.19247035288811,0,1
12.789862966334532,103.83024500697398,1,0
163.2514486284407,139.68804630545003,0,1
185.9862291933198,5.312574803976711,0,1
11.701487407614252,177.03970627886758,1,0
108.50949950357558,68.26827214813575,0,1
16.549505374768934,142.05927263111602,1,0
40.21665141089614,27.63297024625544,0,1
198.25680436010387,86.7708093921524,0,1
153.10716841839456,99.7484873475903,0,1
101.22280013878301,184.61450326716516,0,1
154.14209570535974,135.58760079175173,0,1
74.40878405915063,165.63747587991847,1,0
152.14580661885145,143.44619735771815,0,1
131.3561183144302,88.3398178524359,0,1
160.24393230621382,151.45501141734096,0,1
125.38068503195021,27.329992746526255,0,1
31.425215024477172,53.06388573209373,1,0
99.74785422455807,55.02828644271125,0,1
37.95229228901083,135.5487079126273,1,0
25.25619865500264,54.12669031188913,1,0
157.02561822236325,121.55319243896301,0,1
29.38774742734591,17.950942190105156,0,1
77.87198549999341,97.47492515062748,0,1
69.74739613136327,156.67324212802922,1,0
38.6445845764283,117.05018627492069,1,0
33.15684636273708,148.7135960822501,1,0
187.6070440749974,119.40415259181975,0,1
108.14271289027386,39.21952746502815,0,1
148.5937830021121,132.12874232518138,0,1
4.0008620555185725,17.69316002685848,1,0
184.10740712749254,188.10872618951825,0,1
193.01489006531995,172.33256292507946,0,1
83.87430110733204,128.2514164968197,0,1
73.029453951789,38.269975520830535,0,1
100.64651866108659,142.39525542061045,0,1
157.08677896258544,187.83028092314868,0,1
83.00983385090342,143.34205776129465,0,1
95.35227627735263,47.02301847445378,0,1
172.4492760106156,152.80273016437187,0,1
16.524787758952563,118.534549077473,1,0
78.44326007904732,119.6888961088471,0,1
14.777500563843882,173.60321465162158,1,0
136.52244461068307,18.096556689063025,0,1
111.40583788556494,45.85486084231698,0,1
48.15748747495727,59.14511528512627,0,1
110.57105561689599,191.48728581631732,0,1
95.69456520511885,197.33567456151061,1,0
71.19364518554949,54.157086259694424,0,1
116.75606845842192,134.20172975032295,0,1
156.9521527010133,182.86352677581826,0,1
153.59050901242279,153.64842928006922,0,1
116.33923223879314,192.36227413694,0,1
132.83946397626863,63.97523806461849,0,1
140.32243261815708,18.486314474286058,0,1
162.56540320902164,179.97093876135878,0,1
175.7865412106992,36.01303432525751,0,1
3.315312425834871,40.83549763271337,1,0
15.614652638108396,191.67897586711666,1,0
189.31910294848632,160.91536509774332,0,1
129.72729964176446,129.3162915884211,0,1
7.810078684397692,23.707596408151144,1,0
24.03721847543885,186.52311117864403,1,0
44.8232445647684,1.9076934465057205,0,1
51.75684169218637,144.71249146744466,1,0
95.99900276051847,94.49026937261064,0,1
18.660284572058927,173.91794709506655,1,0
49.627784584695256,138.9342456449526,1,0
132.04038269909958,76.08334723686241,0,1
29.80146705427016,151.6372614461221,1,0
61.83667276472542,60.878151464594566,0,1
91.2842581179523,55.42505561340945,0,1
87.32900665077285,85.94763868501958,0,1
122.24369271070918,139.30686265128796,0,1
130.84993737849615,39.343345344014445,0,1
90.96668460776118,7.239675389621558,0,1
4.194242928434266,185.16840748395055,1,0
48.61431459256269,3.466779191136138,0,1
179.4635164183389,32.601607174483505,0,1
143.97427728934994,3.9939061391567554,0,1
69.85806054221007,12.001810255296764,0,1
152.46823336527027,178.71775994212038,0,1
45.022343904192354,126.64558360193716,1,0
175.06592200338255,81.15523497550612,0,1
70.97336965037498,1.6167088975117538,0,1
182.17896361259125,66.88827042415637,0,1
91.08286994411063,196.87975622382214,1,0
114.17664476545974,115.76465851576883,0,1
135.84784647577365,101.51073297670854,0,1
73.71767899256079,188.14980714110334,1,0
110.7696871825594,31.361697088303252,0,1
172.1030790174939,52.90261160908698,0,1
51.24736121986688,151.92706181939934,1,0
19.171202312733236,86.92850700479707,1,0
42.73528768745465,0.11800323095700893,0,1
92.32155176036419,6.960209886471724,0,1
44.157384011511326,95.12042644521786,1,0
25.5083257851934,103.2538267599473,1,0
19.3544907616112,69.743083464471,1,0
44.25244837655171,87.86492708841278,1,0
125.90379778957075,94.00188230849191,0,1
65.45379302949537,45.38463158905763,0,1
145.07364357575767,112.70008055091813,0,1
112.98712210213249,5.781171225796333,0,1
193.7413267219217,138.72423491290093,0,1
89.39949015751141,24.949268834837767,0,1
16.2933860424876,188.382504709567,1,0
7.518174289015889,162.2875365231908,1,0
157.02359788271394,131.91317484625168,0,1
102.39902837824559,143.56882019179187,0,1
130.15323752724308,16.126766334701315,0,1
74.0670089679729,131.6346914169429,1,0
7.538552465780435,169.06915288023507,1,0
91.11337882034324,122.38972103071104,0,1
108.74323683432128,95.23867919204952,0,1
122.62828126247054,96.87364403781255,0,1
121.38063109784423,77.84732143302939,0,1
46.8876603493247,43.75513668967308,0,1
73.72067090355611,118.99362728813952,0,1
44.36650969553681,110.99888829200681,1,0
180.9536289264602,37.7896349810551,0,1
62.614400057455555,1.3310534377332983,0,1
9.696718739423371,153.93415809351094,1,0
112.05017659175631,6.754905605459882,0,1
94.39634128438664,169.66863565719748,0,1
192.66939748913893,90.22854312576906,0,1
95.6024039008411,48.64196419523179,0,1
193.61042449429576,165.49896533060488,0,1
64.87148180878977,24.146379353294556,0,1
10.159084179370437,149.18522959084623,1,0
3.9922845713882715,145.7534291844395,1,0
33.54039173603604,121.71931488514554,1,0
37.833190181130696,115.51218772514258,1,0
48.41696259002997,136.56051767886873,1,0
115.67708730366377,90.54093485238815,0,1
100.72077432566324,50.86937966672769,0,1
84.66312570608665,36.329193659822124,0,1
3.89361840210225,153.56765589484397,1,0
183.3874703732345,82.33364924940088,0,1
35.943536058506666,196.088782335043,1,0
93.34478403567847,56.90100891841661,0,1
126.76162116184466,42.31219683255212,0,1
36.10897499999306,125.45904275029756,1,0
134.18231801800897,144.1775050915368,0,1
7.886692599392098,25.397836964170306,1,0
167.9958876535263,17.061278942902614,0,1
25.40468505620328,50.237532376834146,1,0
134.9621230253052,188.47433351273344,0,1
135.00896526121198,94.07701348782997,0,1
181.39981498578334,183.78507069807014,0,1
189.77276424485083,105.774556046524,0,1
47.92011006822494,193.8320820085681,1,0
86.04091067769279,53.10651722571615,0,1
49.636538132275064,100.93385837094284,1,0
80.56194995840318,136.1185171773979,0,1
57.01464554930051,192.7970740158252,1,0
139.59485706967007,35.814190938162874,0,1
6.602643835557442,145.6672855941217,1,0
194.42462643096258,56.009476821680536,0,1
23.039666600443674,32.49140736816798,1,0
62.00317647581861,139.52816680255663,1,0
59.3635176248702,75.71104813696282,0,1
193.04106478119644,173.47412208792835,0,1
7.876112253752754,157.08826568638048,1,0
139.08485635541257,37.84392716698972,0,1
191.2339059969401,17.022296477895193,0,1
